afl-fuzz.ll,164948
ag.ll,28178
bind.ll,1755077
blurhash_encoder.ll,58618
caffe.ll,17219
chown.ll,26370
curl.ll,31560
date.ll,56895
diff.ll,37216
dnsproxy.ll,3375
du.ll,109087
echo.ll,10962
goaccess.ll,189732
gzip.ll,26706
httpd.ll,178981
id.ll,15145
jq.ll,300131
kill.ll,12144
knock.ll,852
knockd.ll,10902
lighttpd.ll,173994
masscan.ll,222979
memcached-1.6.15.ll,73070
mini_httpd.ll,16446
nnn.ll,46399
nutcracker.ll,152750
objdump.ll,1049019
psql.ll,189077
readelf.ll,413684
rm.ll,26998
skynet.ll,629696
tcpdump.ll,608625
tesseract.ll,2204582
tmux.ll,593578
uniq.ll,14781
wc.ll,17758
wget.ll,165526
wrk.ll,1203257
zstd.ll,352275
